INSERT INTO Category (Id, CategoryName, RegisteredAt) VALUES (1,'상의', NOW());
INSERT INTO Category (Id,CategoryName, RegisteredAt) VALUES (2,'아우터', NOW());
INSERT INTO Category (Id,CategoryName, RegisteredAt) VALUES (3,'바지', NOW());
INSERT INTO Category (Id, CategoryName, RegisteredAt) VALUES (4,'스니커즈', NOW());
INSERT INTO Category (Id,CategoryName, RegisteredAt) VALUES (5,'가방', NOW());
INSERT INTO Category (Id,CategoryName, RegisteredAt) VALUES (6,'모자', NOW());
INSERT INTO Category (Id, CategoryName, RegisteredAt) VALUES (7,'양말', NOW());
INSERT INTO Category (Id,CategoryName, RegisteredAt) VALUES (8,'액세서리', NOW());



INSERT INTO Brand (Id, BrandName, RegisteredAt) VALUES (1,'A', NOW());
INSERT INTO Brand (Id, BrandName, RegisteredAt) VALUES (2,'B', NOW());
INSERT INTO Brand (Id, BrandName, RegisteredAt) VALUES (3,'C', NOW());
INSERT INTO Brand (Id, BrandName, RegisteredAt) VALUES (4,'D', NOW());
INSERT INTO Brand (Id, BrandName, RegisteredAt) VALUES (5,'E', NOW());
INSERT INTO Brand (Id, BrandName, RegisteredAt) VALUES (6,'F', NOW());
INSERT INTO Brand (Id, BrandName, RegisteredAt) VALUES (7,'G', NOW());
INSERT INTO Brand (Id, BrandName, RegisteredAt) VALUES (8,'H', NOW());
INSERT INTO Brand (Id, BrandName, RegisteredAt) VALUES (9,'I', NOW());



INSERT INTO Product (BrandId, CategoryId,Name,Price, RegisteredAt) VALUES (1,1,'상품', 11200,NOW());
INSERT INTO Product (BrandId, CategoryId,Name,Price, RegisteredAt) VALUES (1,2,'상품', 5500,NOW());
INSERT INTO Product (BrandId, CategoryId,Name,Price, RegisteredAt) VALUES (1,3,'상품', 4200,NOW());
INSERT INTO Product (BrandId, CategoryId,Name,Price, RegisteredAt) VALUES (1,4,'상품', 9000,NOW());
INSERT INTO Product (BrandId, CategoryId,Name,Price, RegisteredAt) VALUES (1,5,'상품', 2000,NOW());
INSERT INTO Product (BrandId, CategoryId,Name,Price, RegisteredAt) VALUES (1,6,'상품', 1700,NOW());
INSERT INTO Product (BrandId, CategoryId,Name,Price, RegisteredAt) VALUES (1,7,'상품', 1800,NOW());
INSERT INTO Product (BrandId, CategoryId,Name,Price, RegisteredAt) VALUES (1,8,'상품', 2300,NOW());


INSERT INTO Product (BrandId, CategoryId,Name,Price, RegisteredAt) VALUES (2,1,'상품', 10500,NOW());
INSERT INTO Product (BrandId, CategoryId,Name,Price, RegisteredAt) VALUES (2,2,'상품', 5900,NOW());
INSERT INTO Product (BrandId, CategoryId,Name,Price, RegisteredAt) VALUES (2,3,'상품', 3800,NOW());
INSERT INTO Product (BrandId, CategoryId,Name,Price, RegisteredAt) VALUES (2,4,'상품', 9100,NOW());
INSERT INTO Product (BrandId, CategoryId,Name,Price, RegisteredAt) VALUES (2,5,'상품', 2100,NOW());
INSERT INTO Product (BrandId, CategoryId,Name,Price, RegisteredAt) VALUES (2,6,'상품', 2000,NOW());
INSERT INTO Product (BrandId, CategoryId,Name,Price, RegisteredAt) VALUES (2,7,'상품', 2000,NOW());
INSERT INTO Product (BrandId, CategoryId,Name,Price, RegisteredAt) VALUES (2,8,'상품', 2200,NOW());


INSERT INTO Product (BrandId, CategoryId,Name,Price, RegisteredAt) VALUES (3,1,'상품', 10000,NOW());
INSERT INTO Product (BrandId, CategoryId,Name,Price, RegisteredAt) VALUES (3,2,'상품', 6200,NOW());
INSERT INTO Product (BrandId, CategoryId,Name,Price, RegisteredAt) VALUES (3,3,'상품', 3300,NOW());
INSERT INTO Product (BrandId, CategoryId,Name,Price, RegisteredAt) VALUES (3,4,'상품', 9200,NOW());
INSERT INTO Product (BrandId, CategoryId,Name,Price, RegisteredAt) VALUES (3,5,'상품', 2200,NOW());
INSERT INTO Product (BrandId, CategoryId,Name,Price, RegisteredAt) VALUES (3,6,'상품', 1900,NOW());
INSERT INTO Product (BrandId, CategoryId,Name,Price, RegisteredAt) VALUES (3,7,'상품', 2200,NOW());
INSERT INTO Product (BrandId, CategoryId,Name,Price, RegisteredAt) VALUES (3,8,'상품', 2100,NOW());

INSERT INTO Product (BrandId, CategoryId,Name,Price, RegisteredAt) VALUES (4,1,'상품', 10100,NOW());
INSERT INTO Product (BrandId, CategoryId,Name,Price, RegisteredAt) VALUES (4,2,'상품', 5100,NOW());
INSERT INTO Product (BrandId, CategoryId,Name,Price, RegisteredAt) VALUES (4,3,'상품', 3000,NOW());
INSERT INTO Product (BrandId, CategoryId,Name,Price, RegisteredAt) VALUES (4,4,'상품', 9500,NOW());
INSERT INTO Product (BrandId, CategoryId,Name,Price, RegisteredAt) VALUES (4,5,'상품', 2500,NOW());
INSERT INTO Product (BrandId, CategoryId,Name,Price, RegisteredAt) VALUES (4,6,'상품', 1500,NOW());
INSERT INTO Product (BrandId, CategoryId,Name,Price, RegisteredAt) VALUES (4,7,'상품', 2400,NOW());
INSERT INTO Product (BrandId, CategoryId,Name,Price, RegisteredAt) VALUES (4,8,'상품', 2000,NOW());



INSERT INTO Product (BrandId, CategoryId,Name,Price, RegisteredAt) VALUES (5,1,'상품', 10700,NOW());
INSERT INTO Product (BrandId, CategoryId,Name,Price, RegisteredAt) VALUES (5,2,'상품', 5000,NOW());
INSERT INTO Product (BrandId, CategoryId,Name,Price, RegisteredAt) VALUES (5,3,'상품', 3800,NOW());
INSERT INTO Product (BrandId, CategoryId,Name,Price, RegisteredAt) VALUES (5,4,'상품', 9900,NOW());
INSERT INTO Product (BrandId, CategoryId,Name,Price, RegisteredAt) VALUES (5,5,'상품', 2300,NOW());
INSERT INTO Product (BrandId, CategoryId,Name,Price, RegisteredAt) VALUES (5,6,'상품', 1800,NOW());
INSERT INTO Product (BrandId, CategoryId,Name,Price, RegisteredAt) VALUES (5,7,'상품', 2100,NOW());
INSERT INTO Product (BrandId, CategoryId,Name,Price, RegisteredAt) VALUES (5,8,'상품', 2100,NOW());



INSERT INTO Product (BrandId, CategoryId,Name,Price, RegisteredAt) VALUES (6,1,'상품', 11200,NOW());
INSERT INTO Product (BrandId, CategoryId,Name,Price, RegisteredAt) VALUES (6,2,'상품', 7200,NOW());
INSERT INTO Product (BrandId, CategoryId,Name,Price, RegisteredAt) VALUES (6,3,'상품', 4000,NOW());
INSERT INTO Product (BrandId, CategoryId,Name,Price, RegisteredAt) VALUES (6,4,'상품', 9300,NOW());
INSERT INTO Product (BrandId, CategoryId,Name,Price, RegisteredAt) VALUES (6,5,'상품', 2100,NOW());
INSERT INTO Product (BrandId, CategoryId,Name,Price, RegisteredAt) VALUES (6,6,'상품', 1600,NOW());
INSERT INTO Product (BrandId, CategoryId,Name,Price, RegisteredAt) VALUES (6,7,'상품', 2300,NOW());
INSERT INTO Product (BrandId, CategoryId,Name,Price, RegisteredAt) VALUES (6,8,'상품', 1900,NOW());


INSERT INTO Product (BrandId, CategoryId,Name,Price, RegisteredAt) VALUES (7,1,'상품', 10500,NOW());
INSERT INTO Product (BrandId, CategoryId,Name,Price, RegisteredAt) VALUES (7,2,'상품', 5800,NOW());
INSERT INTO Product (BrandId, CategoryId,Name,Price, RegisteredAt) VALUES (7,3,'상품', 3900,NOW());
INSERT INTO Product (BrandId, CategoryId,Name,Price, RegisteredAt) VALUES (7,4,'상품', 9000,NOW());
INSERT INTO Product (BrandId, CategoryId,Name,Price, RegisteredAt) VALUES (7,5,'상품', 2200,NOW());
INSERT INTO Product (BrandId, CategoryId,Name,Price, RegisteredAt) VALUES (7,6,'상품', 1700,NOW());
INSERT INTO Product (BrandId, CategoryId,Name,Price, RegisteredAt) VALUES (7,7,'상품', 2100,NOW());
INSERT INTO Product (BrandId, CategoryId,Name,Price, RegisteredAt) VALUES (7,8,'상품', 2000,NOW());


INSERT INTO Product (BrandId, CategoryId,Name,Price, RegisteredAt) VALUES (8,1,'상품', 10800,NOW());
INSERT INTO Product (BrandId, CategoryId,Name,Price, RegisteredAt) VALUES (8,2,'상품', 6300,NOW());
INSERT INTO Product (BrandId, CategoryId,Name,Price, RegisteredAt) VALUES (8,3,'상품', 3100,NOW());
INSERT INTO Product (BrandId, CategoryId,Name,Price, RegisteredAt) VALUES (8,4,'상품', 9700,NOW());
INSERT INTO Product (BrandId, CategoryId,Name,Price, RegisteredAt) VALUES (8,5,'상품', 2100,NOW());
INSERT INTO Product (BrandId, CategoryId,Name,Price, RegisteredAt) VALUES (8,6,'상품', 1600,NOW());
INSERT INTO Product (BrandId, CategoryId,Name,Price, RegisteredAt) VALUES (8,7,'상품', 2000,NOW());
INSERT INTO Product (BrandId, CategoryId,Name,Price, RegisteredAt) VALUES (8,8,'상품', 2000,NOW());


INSERT INTO Product (BrandId, CategoryId,Name,Price, RegisteredAt) VALUES (9,1,'상품', 11400,NOW());
INSERT INTO Product (BrandId, CategoryId,Name,Price, RegisteredAt) VALUES (9,2,'상품', 6700,NOW());
INSERT INTO Product (BrandId, CategoryId,Name,Price, RegisteredAt) VALUES (9,3,'상품', 3200,NOW());
INSERT INTO Product (BrandId, CategoryId,Name,Price, RegisteredAt) VALUES (9,4,'상품', 9500,NOW());
INSERT INTO Product (BrandId, CategoryId,Name,Price, RegisteredAt) VALUES (9,5,'상품', 2400,NOW());
INSERT INTO Product (BrandId, CategoryId,Name,Price, RegisteredAt) VALUES (9,6,'상품', 1700,NOW());
INSERT INTO Product (BrandId, CategoryId,Name,Price, RegisteredAt) VALUES (9,7,'상품', 1700,NOW());
INSERT INTO Product (BrandId, CategoryId,Name,Price, RegisteredAt) VALUES (9,8,'상품', 2400,NOW());